id_product;reference;ean13;active;name;description_short;description;link_rewrite;marca
101;243962;2001819600137;1;Solenza Fluido Facial Solar SPF 30 50 ml;<p>Protector solar facial de textura fluida y acabado mate</p>;"<html><head><title></title> </head> <body bgcolor=""#f0f0f0""> <font size=3 face=""Verdana""> <div align=justify><br><b>Solenza Fluido Facial Solar SPF 30 50 ml</b></div> <div align=justify><br>Protector solar facial de textura fluida y acabado mate, pensado para el uso diario. Protege frente a la radiación UVA y UVB y se absorbe rápidamente sin dejar residuo blanco. Su fórmula sin perfume es adecuada para pieles normales y mixtas. Puede usarse como base antes del maquillaje. Fabricado bajo estrictos controles de calidad. Producto pensado para acompañar la rutina diaria de toda la familia.<br><br><b>MODO DE EMPLEO</b><br>Aplicar sobre el rostro limpio 15 minutos antes de la exposición solar. Reaplicar cada dos horas y después del baño.</div> </font> </body></html>";solenza-fluido-facial-solar-spf-30-50-ml-243962;SOLENZA ESPAÑA
102;732052;2003863794022;1;Solenza Fluido Facial Solar SPF 50 50 ml;<p>Protector solar facial de textura fluida y acabado mate</p>;"<html><head><title></title> </head> <body bgcolor=""#f0f0f0""> <font size=3 face=""Verdana""> <div align=justify><br><b>Solenza Fluido Facial Solar SPF 50 50 ml</b></div> <div align=justify><br>Protector solar facial de textura fluida y acabado mate, pensado para el uso diario. Protege frente a la radiación UVA y UVB y se absorbe rápidamente sin dejar residuo blanco. Su fórmula sin perfume es adecuada para pieles normales y mixtas. Puede usarse como base antes del maquillaje. Fabricado bajo estrictos controles de calidad. Producto pensado para acompañar la rutina diaria de toda la familia.<br><br><b>MODO DE EMPLEO</b><br>Aplicar sobre el rostro limpio 15 minutos antes de la exposición solar. Reaplicar cada dos horas y después del baño.</div> </font> </body></html>";solenza-fluido-facial-solar-spf-50-50-ml-732052;Solenza 
103;130889;2006155940787;1;Solenza Leche Solar Corporal SPF 30 200 ml;<p>Leche solar corporal de rápida absorción y resistente al agua</p>;<p>Solenza Leche Solar Corporal SPF 30 200 ml</p><p>Leche solar corporal de rápida absorción, con textura ligera que no deja sensación grasa. Es resistente al agua y ofrece una protección amplia frente a la radiación UVA y UVB. Se extiende con facilidad sobre piel húmeda o seca. El envase grande está pensado para toda la familia. Formulado sin parabenos ni colorantes artificiales. Producto pensado para acompañar la rutina diaria de toda la familia.</p><p><strong>Modo de empleo:</strong> Aplicar de forma generosa y uniforme sobre la piel seca 20 minutos antes de salir al sol. Reaplicar cada dos horas.</p><p><strong>Precauciones:</strong> Uso externo. No aplicar sobre heridas. Guardar en un lugar que los niños pequeños no puedan alcanzar.</p>;solenza-leche-solar-corporal-spf-30-200-ml-130889;SOLENZA
104;810620;2008495931036;1;Solenza Leche Solar Corporal SPF 50 200 ml;Leche solar corporal de rápida absorción y resistente al agua;<p>Solenza Leche Solar Corporal SPF 50 200 ml</p><p>Leche solar corporal de rápida absorción, con textura ligera que no deja sensación grasa. Es resistente al agua y ofrece una protección amplia frente a la radiación UVA y UVB. Se extiende con facilidad sobre piel húmeda o seca. El envase grande está pensado para toda la familia. Formulado sin parabenos ni colorantes artificiales. Producto pensado para acompañar la rutina diaria de toda la familia.</p><p><strong>Modo de empleo:</strong> Aplicar de forma generosa y uniforme sobre la piel seca 20 minutos antes de salir al sol. Reaplicar cada dos horas.</p><p><strong>Precauciones:</strong> Uso externo. No aplicar sobre heridas. Guardar en un lugar que los niños pequeños no puedan alcanzar.</p>;solenza-leche-solar-corporal-spf-50-200-ml-810620;SOLENZA
105;219684;2003164752554;1;Solenza Leche Solar Corporal SPF 50 400 ml;Leche solar corporal de rápida absorción y resistente al agua;<p>Solenza Leche Solar Corporal SPF 50 400 ml</p><p>Leche solar corporal de rápida absorción, con textura ligera que no deja sensación grasa. Es resistente al agua y ofrece una protección amplia frente a la radiación UVA y UVB. Se extiende con facilidad sobre piel húmeda o seca. El envase grande está pensado para toda la familia. Formulado sin parabenos ni colorantes artificiales. Producto pensado para acompañar la rutina diaria de toda la familia.</p><p><strong>Modo de empleo:</strong> Aplicar de forma generosa y uniforme sobre la piel seca 20 minutos antes de salir al sol. Reaplicar cada dos horas.</p><p><strong>Precauciones:</strong> Uso externo. No aplicar sobre heridas. Guardar en un lugar que los niños pequeños no puedan alcanzar.</p>;solenza-leche-solar-corporal-spf-50-400-ml-219684;SOLENZA
106;420651;2006483503050;1;Solenza Spray Solar Pediátrico Niños SPF 50 200 ml;<p>Spray solar de alta protección para la piel de los niños</p>;"<html><head><title></title> </head> <body bgcolor=""#f0f0f0""> <font size=3 face=""Verdana""> <div align=justify><br><b>Solenza Spray Solar Pediátrico Niños SPF 50 200 ml</b></div> <div align=justify><br>Spray solar de alta protección formulado para la piel delicada de los niños. Su textura ligera se aplica en cualquier posición y se absorbe sin frotar. Resiste el agua y el sudor durante el juego al aire libre. No contiene perfume. Formulado sin parabenos ni colorantes artificiales. Fabricado bajo estrictos controles de calidad. El envase es reciclable y su tapa garantiza un cierre seguro.<br><br><b>MODO DE EMPLEO</b><br>Agitar antes de usar. Aplicar de forma abundante sobre la piel seca 15 minutos antes de la exposición y reaplicar cada dos horas.</div> </font> </body></html>";solenza-spray-solar-pediatrico-ninos-spf-50-200-ml-420651;solenza
107;146413;2003953767240;1;Solenza Spray Solar Pediátrico Bebés SPF 50 200 ml;Spray solar de alta protección para la piel de los niños;"<html><head><title></title> </head> <body bgcolor=""#f0f0f0""> <font size=3 face=""Verdana""> <div align=justify><br><b>Solenza Spray Solar Pediátrico Bebés SPF 50 200 ml</b></div> <div align=justify><br>Spray solar de alta protección formulado para la piel delicada de los niños. Su textura ligera se aplica en cualquier posición y se absorbe sin frotar. Resiste el agua y el sudor durante el juego al aire libre. No contiene perfume. Formulado sin parabenos ni colorantes artificiales. Fabricado bajo estrictos controles de calidad. El envase es reciclable y su tapa garantiza un cierre seguro.<br><br><b>MODO DE EMPLEO</b><br>Agitar antes de usar. Aplicar de forma abundante sobre la piel seca 15 minutos antes de la exposición y reaplicar cada dos horas.</div> </font> </body></html>";solenza-spray-solar-pediatrico-bebes-spf-50-200-ml-146413;SOLENZA
108;830555;2003287101222;1;Kiddora Loción Solar Niños SPF 50+ 250 ml;Loción solar infantil de muy alta protección;"<p style=""text-align: justify;""><strong>DESCRIPCIÓN</strong></p><p style=""text-align: justify;"">Loción solar infantil de muy alta protección con textura cremosa y sin perfume. Protege frente a la radiación UVA y UVB y resiste el agua. Indicada para pieles sensibles de niños a partir de tres años. El formato de 250 ml permite cubrir cuerpo y cara durante varios días. Producto pensado para acompañar la rutina diaria de toda la familia.</p><p style=""text-align: justify;""><strong>MODO DE EMPLEO</strong></p><p style=""text-align: justify;"">Aplicar sobre la piel seca media hora antes de la exposición. Reaplicar cada dos horas y después de cada baño.</p><p style=""text-align: justify;""><strong>PRECAUCIONES Y ADVERTENCIAS</strong></p><ul><li>Uso externo.</li><li>Evitar la exposición directa en las horas centrales del día.</li><li>Interrumpir el uso si aparece irritación.</li></ul>";kiddora-locion-solar-ninos-spf-50-250-ml-830555;Kiddora
109;713328;2001669784803;1;Solenza Stick Labial Solar SPF 30 4 g;Protector labial con filtro solar;<p>Protector labial con filtro solar y manteca nutritiva. Se desliza con suavidad y deja los labios cómodos.</p>;solenza-stick-labial-solar-spf-30-4-g-713328;Solenza 
110;912804;2006270482810;1;Marca Ejemplo Protector Solar Facial SPF 50 50 ml;<p>Protector solar facial para cada día</p>;"<html><head><title></title> </head> <body bgcolor=""#f0f0f0""> <font size=3 face=""Verdana""> <div align=justify><br><b>Marca Ejemplo Protector Solar Facial SPF 50 50 ml</b></div> <div align=justify><br>Protector solar facial de uso diario con textura ligera y acabado natural. Ofrece alta protección frente a la radiación UVA y UVB. Apto para todo tipo de pieles, sin perfume. Se absorbe rápido y no deja película blanca. Fabricado bajo estrictos controles de calidad. Una vez abierto, consumir en el plazo indicado en el envase. Formulado sin parabenos ni colorantes artificiales.<br><br><b>MODO DE EMPLEO</b><br>Aplicar sobre el rostro limpio cada mañana y reaplicar cada dos horas si se está al aire libre.</div> </font> </body></html>";marca-ejemplo-protector-solar-facial-spf-50-50-ml-912804;Marca Ejemplo
111;251083;2008095701541;1;Solenza Gel Aftersun 200 ml;<p>Gel refrescante para después de la exposición solar</p>;"<html><head><title></title> </head> <body bgcolor=""#f0f0f0""> <font size=3 face=""Verdana""> <div align=justify><br><b>Solenza Gel Aftersun 200 ml</b></div> <div align=justify><br>Gel refrescante para aplicar después de la exposición solar. Su textura acuosa se absorbe al instante y deja la piel cómoda. Contiene extracto de aloe y glicerina. Sin alcohol. Formulado sin parabenos ni colorantes artificiales. Una vez abierto, consumir en el plazo indicado en el envase. El envase es reciclable y su tapa garantiza un cierre seguro.<br><br><b>MODO DE EMPLEO</b><br>Aplicar sobre la piel limpia y seca tras el baño o la ducha, tantas veces como se desee.</div> </font> </body></html>";solenza-gel-aftersun-200-ml-251083;Solenza 
112;222086;2002278248960;1;Kiddora Crema Cambio de Pañal 100 ml;<p>Crema protectora para la zona del pañal</p>;"<p style=""text-align: justify;""><strong>DESCRIPCIÓN</strong></p><p style=""text-align: justify;"">Crema protectora para la zona del pañal con óxido de zinc y pantenol. Forma una barrera que aísla la piel de la humedad. Su textura untuosa se extiende con facilidad. Sin perfume ni colorantes. El envase es reciclable y su tapa garantiza un cierre seguro. Una vez abierto, consumir en el plazo indicado en el envase. Fabricado bajo estrictos controles de calidad.</p><p style=""text-align: justify;""><strong>MODO DE EMPLEO</strong></p><p style=""text-align: justify;"">En cada cambio de pañal, limpiar y secar la zona y aplicar una capa fina de crema.</p><p style=""text-align: justify;""><strong>PRECAUCIONES Y ADVERTENCIAS</strong></p><ul><li>Uso externo.</li><li>Evitar el contacto con los ojos.</li><li>Consultar al pediatra si la irritación persiste.</li></ul>";kiddora-crema-cambio-de-panal-100-ml-222086;Kiddora 
113;354508;2006578713319;1;Kiddora Crema Cambio de Pañal 200 ml;<p>Crema protectora para la zona del pañal</p>;"<p style=""text-align: justify;""><strong>DESCRIPCIÓN</strong></p><p style=""text-align: justify;"">Crema protectora para la zona del pañal con óxido de zinc y pantenol. Forma una barrera que aísla la piel de la humedad. Su textura untuosa se extiende con facilidad. Sin perfume ni colorantes. El envase es reciclable y su tapa garantiza un cierre seguro. Una vez abierto, consumir en el plazo indicado en el envase. Fabricado bajo estrictos controles de calidad.</p><p style=""text-align: justify;""><strong>MODO DE EMPLEO</strong></p><p style=""text-align: justify;"">En cada cambio de pañal, limpiar y secar la zona y aplicar una capa fina de crema.</p><p style=""text-align: justify;""><strong>PRECAUCIONES Y ADVERTENCIAS</strong></p><ul><li>Uso externo.</li><li>Evitar el contacto con los ojos.</li><li>Consultar al pediatra si la irritación persiste.</li></ul>";kiddora-crema-cambio-de-panal-200-ml-354508;Kiddora
114;701474;2000310518347;1;Kiddora Gel de Baño y Champú 500 ml;<p>Gel suave para el baño del bebé, de la cabeza a los pies</p>;"<p style=""text-align: justify;""><strong>DESCRIPCIÓN</strong></p><p style=""text-align: justify;"">Gel suave para el baño del bebé, de la cabeza a los pies. Limpia sin irritar y no pica en los ojos. Su fórmula sin jabón respeta la piel delicada. Con dosificador. Una vez abierto, consumir en el plazo indicado en el envase. Producto pensado para acompañar la rutina diaria de toda la familia. El envase es reciclable y su tapa garantiza un cierre seguro.</p><p style=""text-align: justify;""><strong>MODO DE EMPLEO</strong></p><p style=""text-align: justify;"">Aplicar una pequeña cantidad sobre la piel húmeda, masajear suavemente y aclarar con abundante agua.</p><p style=""text-align: justify;""><strong>PRECAUCIONES Y ADVERTENCIAS</strong></p><ul><li>Uso externo.</li><li>Guardar en un sitio al que los niños no tengan acceso.</li></ul>";kiddora-gel-de-bano-y-champu-500-ml-701474;KIDDORA
115;098907;2008299737636;1;Kiddora Colonia Suave 200 ml;Colonia suave para bebés;<p>Colonia suave para bebés con aroma fresco y delicado. Sin alcohol añadido y de bajo contenido en perfume.</p>;kiddora-colonia-suave-200-ml-098907;KIDDORA
116;470405;2001065133380;1;Kiddora Toallitas Húmedas 72 unidades;Toallitas húmedas suaves para la piel del bebé;"<p style=""text-align: justify;""><strong>DESCRIPCIÓN</strong></p><p style=""text-align: justify;"">Toallitas húmedas suaves para la limpieza diaria de la piel del bebé. Impregnadas con una loción sin alcohol ni perfume. Resistentes y fáciles de sacar del envase con una mano. Envase con tapa adhesiva que conserva la humedad. Producto pensado para acompañar la rutina diaria de toda la familia. Conservar en un lugar fresco y seco, protegido de la luz solar directa.</p><p style=""text-align: justify;""><strong>MODO DE EMPLEO</strong></p><p style=""text-align: justify;"">Extraer una toallita, limpiar la zona y desechar. No tirar por el inodoro.</p><p style=""text-align: justify;""><strong>PRECAUCIONES Y ADVERTENCIAS</strong></p><ul><li>Uso externo.</li><li>No reutilizar.</li></ul>";kiddora-toallitas-humedas-72-unidades-470405;KIDDORA
117;683823;2002473178109;1;Kiddora Toallitas Húmedas 3 x 72 unidades;<p>Toallitas húmedas suaves para la piel del bebé</p>;"<p style=""text-align: justify;""><strong>DESCRIPCIÓN</strong></p><p style=""text-align: justify;"">Toallitas húmedas suaves para la limpieza diaria de la piel del bebé. Impregnadas con una loción sin alcohol ni perfume. Resistentes y fáciles de sacar del envase con una mano. Envase con tapa adhesiva que conserva la humedad. Producto pensado para acompañar la rutina diaria de toda la familia. Conservar en un lugar fresco y seco, protegido de la luz solar directa.</p><p style=""text-align: justify;""><strong>MODO DE EMPLEO</strong></p><p style=""text-align: justify;"">Extraer una toallita, limpiar la zona y desechar. No tirar por el inodoro.</p><p style=""text-align: justify;""><strong>PRECAUCIONES Y ADVERTENCIAS</strong></p><ul><li>Uso externo.</li><li>No reutilizar.</li></ul>";kiddora-toallitas-humedas-3-x-72-unidades-683823;kiddora
118;299105;2003602606470;1;Kiddora Chupete de Silicona 0-6 meses;Chupete de silicona con tetina anatómica;"<p>Chupete de silicona con tetina anat&oacute;mica y escudo ventilado.&nbsp; Fabricado sin bisfenol A.&nbsp; Se entrega en estuche esterilizable.&nbsp; Disponible en tres tamaños según la edad.&nbsp; Fabricado bajo estrictos controles de calidad.&nbsp; Producto pensado para acompañar la rutina diaria de toda la familia.&nbsp; El envase es reciclable y su tapa garantiza un cierre seguro.</p><p><strong>MODO&nbsp;DE EMPLEO</strong><br />Esterilizar antes del primer uso y revisar con regularidad.</p><p><strong>PRECAUCIONES</strong><br />Comprobar el estado de la tetina antes de cada uso. No sujetar con cintas ni cuerdas. Sustituir al primer signo de deterioro.</p>";kiddora-chupete-de-silicona-0-6-meses-299105;kiddora
119;784309;2007234309808;1;Kiddora Chupete de Silicona 6-18 meses;Chupete de silicona con tetina anatómica;"<p>Chupete de silicona con tetina anat&oacute;mica y escudo ventilado.&nbsp; Fabricado sin bisfenol A.&nbsp; Se entrega en estuche esterilizable.&nbsp; Disponible en tres tamaños según la edad.&nbsp; Fabricado bajo estrictos controles de calidad.&nbsp; Producto pensado para acompañar la rutina diaria de toda la familia.&nbsp; El envase es reciclable y su tapa garantiza un cierre seguro.</p><p><strong>MODO&nbsp;DE EMPLEO</strong><br />Esterilizar antes del primer uso y revisar con regularidad.</p><p><strong>PRECAUCIONES</strong><br />Comprobar el estado de la tetina antes de cada uso. No sujetar con cintas ni cuerdas. Sustituir al primer signo de deterioro.</p>";kiddora-chupete-de-silicona-6-18-meses-784309;Kiddora 
120;892697;2000978820813;1;Kiddora Chupete de Silicona Más de 18 meses;Chupete de silicona con tetina anatómica;"<p>Chupete de silicona con tetina anat&oacute;mica y escudo ventilado.&nbsp; Fabricado sin bisfenol A.&nbsp; Se entrega en estuche esterilizable.&nbsp; Disponible en tres tamaños según la edad.&nbsp; Fabricado bajo estrictos controles de calidad.&nbsp; Producto pensado para acompañar la rutina diaria de toda la familia.&nbsp; El envase es reciclable y su tapa garantiza un cierre seguro.</p><p><strong>MODO&nbsp;DE EMPLEO</strong><br />Esterilizar antes del primer uso y revisar con regularidad.</p><p><strong>PRECAUCIONES</strong><br />Comprobar el estado de la tetina antes de cada uso. No sujetar con cintas ni cuerdas. Sustituir al primer signo de deterioro.</p>";kiddora-chupete-de-silicona-mas-de-18-meses-892697;KIDDORA
121;592683;2009399091697;1;Pielara Crema Emoliente Atópica 400 ml;Crema emoliente para pieles muy secas o atópicas;"<p style=""text-align: justify;""><strong>DESCRIPCIÓN</strong></p><p style=""text-align: justify;"">Crema emoliente para el cuidado diario de pieles muy secas o con tendencia atópica. Repone los lípidos de la piel y alivia la sensación de tirantez. Su textura rica se absorbe sin dejar sensación pegajosa. Sin perfume, apta para bebés y adultos. Fabricado bajo estrictos controles de calidad. Una vez abierto, consumir en el plazo indicado en el envase.</p><p style=""text-align: justify;""><strong>MODO DE EMPLEO</strong></p><p style=""text-align: justify;"">Aplicar una o dos veces al día sobre la piel limpia y seca, con un suave masaje.</p><p style=""text-align: justify;""><strong>PRECAUCIONES Y ADVERTENCIAS</strong></p><ul><li>Uso externo.</li><li>No aplicar sobre lesiones abiertas.</li><li>Consultar al pediatra o al farmacéutico ante lesiones persistentes.</li></ul>";pielara-crema-emoliente-atopica-400-ml-592683;PIELARA
122;974146;2003534624757;1;Pielara Crema Emoliente Atópica 100 ml;Crema emoliente para pieles muy secas o atópicas;"<p style=""text-align: justify;""><strong>DESCRIPCIÓN</strong></p><p style=""text-align: justify;"">Crema emoliente para el cuidado diario de pieles muy secas o con tendencia atópica. Repone los lípidos de la piel y alivia la sensación de tirantez. Su textura rica se absorbe sin dejar sensación pegajosa. Sin perfume, apta para bebés y adultos. Fabricado bajo estrictos controles de calidad. Una vez abierto, consumir en el plazo indicado en el envase.</p><p style=""text-align: justify;""><strong>MODO DE EMPLEO</strong></p><p style=""text-align: justify;"">Aplicar una o dos veces al día sobre la piel limpia y seca, con un suave masaje.</p><p style=""text-align: justify;""><strong>PRECAUCIONES Y ADVERTENCIAS</strong></p><ul><li>Uso externo.</li><li>No aplicar sobre lesiones abiertas.</li><li>Consultar al pediatra o al farmacéutico ante lesiones persistentes.</li></ul>";pielara-crema-emoliente-atopica-100-ml-974146;Pielara
123;641390;2005135427843;1;Pielara Gel de Baño Atópico 500 ml;Gel de baño sin jabón para pieles atópicas;"<p style=""text-align: justify;""><strong>DESCRIPCIÓN</strong></p><p style=""text-align: justify;"">Gel de baño sin jabón para pieles secas y atópicas. Limpia con suavidad y respeta la barrera cutánea. Sin perfume ni colorantes. Apto desde el nacimiento. Fabricado bajo estrictos controles de calidad. Conservar en un lugar fresco y seco, protegido de la luz solar directa. Producto pensado para acompañar la rutina diaria de toda la familia.</p><p style=""text-align: justify;""><strong>MODO DE EMPLEO</strong></p><p style=""text-align: justify;"">Verter en el agua del baño o aplicar sobre la piel húmeda y aclarar.</p><p style=""text-align: justify;""><strong>PRECAUCIONES Y ADVERTENCIAS</strong></p><ul><li>Uso externo.</li><li>Evitar el contacto con los ojos.</li></ul>";pielara-gel-de-bano-atopico-500-ml-641390;PIELARA
124;213487;2001182449357;1;Kiddora Crema Hidratante Bebé Piel Atópica 250 ml;<p>Crema hidratante para bebés con piel atópica</p>;"<html><head><title></title> </head> <body bgcolor=""#f0f0f0""> <font size=3 face=""Verdana""> <div align=justify><br><b>Kiddora Crema Hidratante Bebé Piel Atópica 250 ml</b></div> <div align=justify><br>Crema hidratante para el cuidado de la piel atópica del bebé. Calma el picor asociado a la sequedad y refuerza la barrera de la piel. Textura untuosa de rápida absorción. Sin perfume ni conservantes agresivos. Una vez abierto, consumir en el plazo indicado en el envase. Fabricado bajo estrictos controles de calidad. Formulado sin parabenos ni colorantes artificiales.<br><br><b>MODO DE EMPLEO</b><br>Aplicar una o dos veces al día después del baño, con la piel todavía ligeramente húmeda.</div> </font> </body></html>";kiddora-crema-hidratante-bebe-piel-atopica-250-ml-213487;Kiddora
125;739945;2004005242784;1;Oralys Spray Boca Seca 15 ml;<p>Spray humectante para aliviar la sensación de boca seca</p>;"<html><head><title></title> </head> <body bgcolor=""#f0f0f0""> <font size=3 face=""Verdana""> <div align=justify><br><b>Oralys Spray Boca Seca 15 ml</b></div> <div align=justify><br>Spray humectante que alivia la sensación de boca seca y la incomodidad al hablar. Forma una película que mantiene la mucosa hidratada. Formato de bolsillo para llevar siempre encima. Sabor suave a menta. Producto pensado para acompañar la rutina diaria de toda la familia. Formulado sin parabenos ni colorantes artificiales. Conservar en un lugar fresco y seco, protegido de la luz solar directa.<br><br><b>MODO DE EMPLEO</b><br>Pulverizar dos o tres veces sobre la lengua y las mejillas las veces que sea necesario.</div> </font> </body></html>";oralys-spray-boca-seca-15-ml-739945;oralys
126;942590;2009826204508;1;Oralys Gel Humectante Boca Seca 50 ml;<p>Gel humectante de larga duración para la boca seca</p>;<p>Oralys Gel Humectante Boca Seca 50 ml</p><p>Gel humectante de larga duración para la sequedad bucal. Su textura viscosa tapiza la mucosa y prolonga la hidratación durante la noche. Sin alcohol ni azúcares añadidos. Tubo de 50 ml con aplicador. Una vez abierto, consumir en el plazo indicado en el envase. Fabricado bajo estrictos controles de calidad. Producto pensado para acompañar la rutina diaria de toda la familia.</p><p><strong>Modo de empleo:</strong> Aplicar una pequeña cantidad sobre la yema del dedo y extender por encías, mejillas y lengua, sobre todo antes de acostarse.</p><p><strong>Precauciones:</strong> Uso bucal. No ingerir de forma intencionada.</p>;oralys-gel-humectante-boca-seca-50-ml-942590;Oralys
127;166931;2002260256348;1;Oralys Colutorio Boca Seca 500 ml;<p>Colutorio sin alcohol para la sequedad bucal</p>;"<div style=""text-align:justify;""><br /><b>ACCIÓN Y DESCRIPCIÓN</b><br />Colutorio sin alcohol formulado para la sequedad bucal. Hidrata la mucosa y refresca el aliento sin irritar. Uso diario, también después del cepillado. Envase de 500 ml. El envase es reciclable y su tapa garantiza un cierre seguro. Producto pensado para acompañar la rutina diaria de toda la familia. Fabricado bajo estrictos controles de calidad.<br /><br /><b>MODO DE USO</b><br />Enjuagar con 10 ml durante 30 segundos, sin diluir, y escupir. No aclarar con agua.<br /><br /><b>ADVERTENCIAS</b><br />No ingerir. No recomendado para menores de seis años sin supervisión.</div>";oralys-colutorio-boca-seca-500-ml-166931;ORALYS
128;024813;2000733754339;1;Oralys Pasta Dentífrica Encías 75 ml;<p>Pasta dentífrica para el cuidado diario de las encías</p>;<p>Pasta dentífrica para el cuidado diario de las encías. Con flúor, contribuye a fortalecer el esmalte.</p>;oralys-pasta-dentifrica-encias-75-ml-024813;oralys
129;984861;2005414586858;1;Oralys Cepillo Dental Adulto medio;<p>Cepillo dental de cabezal compacto</p>;<p>Cepillo dental de cabezal compacto y filamentos redondeados. El mango antideslizante facilita un cepillado cómodo.</p>;oralys-cepillo-dental-adulto-medio-984861;oralys
130;763934;2004294019654;1;Oralys Cepillo Dental Adulto suave;<p>Cepillo dental de cabezal compacto</p>;<p>Cepillo dental de cabezal compacto y filamentos redondeados. El mango antideslizante facilita un cepillado cómodo.</p>;oralys-cepillo-dental-adulto-suave-763934;ORALYS
131;001773;2009816934064;1;Oralys Cepillo Dental Infantil;Cepillo dental de cabezal compacto;<p>Cepillo dental de cabezal compacto y filamentos redondeados. El mango antideslizante facilita un cepillado cómodo.</p>;oralys-cepillo-dental-infantil-001773;oralys
132;581343;2005148465641;1;Nordavia Champú Anticaspa 250 ml;Champú anticaspa para el uso frecuente;"<p>Champú anticaspa de uso frecuente que reduce las escamas y el picor del cuero cabelludo.&nbsp; Su espuma cremosa limpia sin resecar.&nbsp; Con extracto de menta y piroctona olamina.&nbsp; Deja el cabello suave y con aroma fresco.&nbsp; Una vez abierto, consumir en el plazo indicado en el envase.&nbsp; El envase es reciclable y su tapa garantiza un cierre seguro.&nbsp; Formulado sin parabenos ni colorantes artificiales.</p><p><strong>MODO&nbsp;DE EMPLEO</strong><br />Aplicar sobre el cabello húmedo, masajear el cuero cabelludo, dejar actuar dos minutos y aclarar. Usar dos o tres veces por semana.</p><p><strong>PRECAUCIONES</strong><br />Uso externo. Evitar el contacto con los ojos. Suspender si aparece irritación.</p>";nordavia-champu-anticaspa-250-ml-581343;Nordavia 
133;318635;2006629946802;1;Nordavia Champú Anticaspa 400 ml;<p>Champú anticaspa para el uso frecuente</p>;"<p>Champú anticaspa de uso frecuente que reduce las escamas y el picor del cuero cabelludo.&nbsp; Su espuma cremosa limpia sin resecar.&nbsp; Con extracto de menta y piroctona olamina.&nbsp; Deja el cabello suave y con aroma fresco.&nbsp; Una vez abierto, consumir en el plazo indicado en el envase.&nbsp; El envase es reciclable y su tapa garantiza un cierre seguro.&nbsp; Formulado sin parabenos ni colorantes artificiales.</p><p><strong>MODO&nbsp;DE EMPLEO</strong><br />Aplicar sobre el cabello húmedo, masajear el cuero cabelludo, dejar actuar dos minutos y aclarar. Usar dos o tres veces por semana.</p><p><strong>PRECAUCIONES</strong><br />Uso externo. Evitar el contacto con los ojos. Suspender si aparece irritación.</p>";nordavia-champu-anticaspa-400-ml-318635;NORDAVIA
134;858179;2008721489515;1;Nordavia Champú Cabello Graso 400 ml;Champú para cabellos que se engrasan con facilidad;"<div style=""text-align:justify;""><br /><b>ACCIÓN Y DESCRIPCIÓN</b><br />Champú para cabellos que se engrasan con facilidad. Regula el exceso de sebo y prolonga la sensación de limpieza. Con arcilla y extracto de ortiga. Deja el cabello ligero y con volumen. El envase es reciclable y su tapa garantiza un cierre seguro. Conservar en un lugar fresco y seco, protegido de la luz solar directa. Formulado sin parabenos ni colorantes artificiales.<br /><br /><b>MODO DE USO</b><br />Aplicar sobre el cabello húmedo, masajear y aclarar. Repetir si es necesario.<br /><br /><b>ADVERTENCIAS</b><br />Uso externo. Evitar el contacto con los ojos.</div>";nordavia-champu-cabello-graso-400-ml-858179;NORDAVIA
135;477538;2003320037914;1;Capilia Champú en Seco 200 ml;<p>Champú en seco en spray</p>;<p>Champú en seco en spray que absorbe el exceso de grasa entre lavados. No deja residuos blancos y aporta volumen.</p>;capilia-champu-en-seco-200-ml-477538;Capilia
136;052657;2003201632870;1;Capilia Mascarilla Protectora del Color 200 ml;Mascarilla para cabello teñido que protege y prolonga el color;<p>Capilia Mascarilla Protectora del Color 200 ml</p><p>Mascarilla para cabello teñido que protege el color y prolonga su intensidad. Nutre la fibra capilar y aporta brillo. Con filtro UV y aceite de argán. Uso semanal tras el champú. Producto pensado para acompañar la rutina diaria de toda la familia. Una vez abierto, consumir en el plazo indicado en el envase. El envase es reciclable y su tapa garantiza un cierre seguro.</p><p><strong>Modo de empleo:</strong> Aplicar sobre el cabello húmedo y limpio, dejar actuar cinco minutos y aclarar abundantemente.</p><p><strong>Precauciones:</strong> Uso externo. Evitar el contacto con los ojos.</p>;capilia-mascarilla-protectora-del-color-200-ml-052657;capilia
137;788295;2009868727744;1;Capilia Acondicionador Cabello Teñido 250 ml;Acondicionador suave para cabello teñido o con mechas;"<p>Acondicionador suave para cabello teñido o con mechas.&nbsp; Desenreda, suaviza y ayuda a mantener el tono durante m&aacute;s tiempo.&nbsp; Sin sulfatos.&nbsp; Uso diario.&nbsp; El envase es reciclable y su tapa garantiza un cierre seguro.&nbsp; Fabricado bajo estrictos controles de calidad.&nbsp; Conservar en un lugar fresco y seco, protegido de la luz solar directa.&nbsp; Una vez abierto, consumir en el plazo indicado en el envase.</p><p><strong>MODO&nbsp;DE EMPLEO</strong><br />Aplicar de medios a puntas tras el champú, dejar actuar un minuto y aclarar.</p><p><strong>PRECAUCIONES</strong><br />Uso externo. Evitar el contacto con los ojos.</p>";capilia-acondicionador-cabello-tenido-250-ml-788295;capilia
138;352161;2008734714345;1;Nordavia Mascarilla Reparadora 200 ml;<p>Mascarilla nutritiva para cabello dañado</p>;<p>Mascarilla nutritiva para cabello seco y dañado. Repara las puntas abiertas y devuelve la elasticidad.</p>;nordavia-mascarilla-reparadora-200-ml-352161;Nordavia
139;065290;2002316658768;1;Marca Ejemplo Champú Sebocorrector 400 ml;Champú sebocorrector para cabello graso;"<div style=""text-align:justify;""><br /><b>ACCIÓN Y DESCRIPCIÓN</b><br />Champú sebocorrector para cuero cabelludo y cabello que se engrasan con facilidad. Regula la producción de sebo y prolonga la limpieza. Con extracto de abedul. Deja el cabello ligero y fresco. Una vez abierto, consumir en el plazo indicado en el envase. Fabricado bajo estrictos controles de calidad. El envase es reciclable y su tapa garantiza un cierre seguro.<br /><br /><b>MODO DE USO</b><br />Aplicar sobre el cabello húmedo, masajear y aclarar. Uso frecuente.<br /><br /><b>ADVERTENCIAS</b><br />Uso externo. Evitar el contacto con los ojos.</div>";marca-ejemplo-champu-sebocorrector-400-ml-065290;marca ejemplo
140;790075;2006909670540;1;Marca Ejemplo Champú Suave 400 ml;<p>Champú suave de uso diario</p>;<p>Champú suave de uso diario para todo tipo de cabello. Limpia con delicadeza sin resecar.</p>;marca-ejemplo-champu-suave-400-ml-790075;Marca Ejemplo
141;560069;2007065627294;1;Marca Ejemplo Champú Anticaída 400 ml;Champú fortalecedor para cabello debilitado;<p>Marca Ejemplo Champú Anticaída 400 ml</p><p>Champú fortalecedor para cabello debilitado que tiende a caerse. Estimula el cuero cabelludo y refuerza la raíz. Con cafeína y biotina. Uso diario. Conservar en un lugar fresco y seco, protegido de la luz solar directa. Una vez abierto, consumir en el plazo indicado en el envase. El envase es reciclable y su tapa garantiza un cierre seguro.</p><p><strong>Modo de empleo:</strong> Masajear sobre el cabello húmedo durante un minuto y aclarar.</p><p><strong>Precauciones:</strong> Uso externo. Evitar el contacto con los ojos.</p>;marca-ejemplo-champu-anticaida-400-ml-560069;Marca Ejemplo
142;798207;2002046537555;1;Hidrovia Crema de Manos Intensiva 50 ml;<p>Crema de manos de hidratación intensiva</p>;"<p style=""text-align: justify;""><strong>DESCRIPCIÓN</strong></p><p style=""text-align: justify;"">Crema de manos de hidratación intensiva para pieles muy secas. Con urea y glicerina, alivia la sequedad y la tirantez. Se absorbe rápido y no deja sensación grasa. Apta para uso frecuente a lo largo del día. Conservar en un lugar fresco y seco, protegido de la luz solar directa. Una vez abierto, consumir en el plazo indicado en el envase.</p><p style=""text-align: justify;""><strong>MODO DE EMPLEO</strong></p><p style=""text-align: justify;"">Aplicar sobre las manos limpias y secas y masajear hasta su completa absorción. Repetir cuantas veces sea necesario.</p><p style=""text-align: justify;""><strong>PRECAUCIONES Y ADVERTENCIAS</strong></p><ul><li>Uso externo.</li><li>No aplicar sobre heridas.</li></ul>";hidrovia-crema-de-manos-intensiva-50-ml-798207;hidrovia
143;681725;2006417080534;1;Hidrovia Crema de Manos Intensiva 100 ml;Crema de manos de hidratación intensiva;"<p style=""text-align: justify;""><strong>DESCRIPCIÓN</strong></p><p style=""text-align: justify;"">Crema de manos de hidratación intensiva para pieles muy secas. Con urea y glicerina, alivia la sequedad y la tirantez. Se absorbe rápido y no deja sensación grasa. Apta para uso frecuente a lo largo del día. Conservar en un lugar fresco y seco, protegido de la luz solar directa. Una vez abierto, consumir en el plazo indicado en el envase.</p><p style=""text-align: justify;""><strong>MODO DE EMPLEO</strong></p><p style=""text-align: justify;"">Aplicar sobre las manos limpias y secas y masajear hasta su completa absorción. Repetir cuantas veces sea necesario.</p><p style=""text-align: justify;""><strong>PRECAUCIONES Y ADVERTENCIAS</strong></p><ul><li>Uso externo.</li><li>No aplicar sobre heridas.</li></ul>";hidrovia-crema-de-manos-intensiva-100-ml-681725;Hidrovia
144;804150;2002327193746;1;Hidrovia Crema de Manos Reparadora Agrietadas 75 ml;<p>Crema reparadora para manos secas y agrietadas</p>;"<p style=""text-align: justify;""><strong>DESCRIPCIÓN</strong></p><p style=""text-align: justify;"">Crema reparadora para manos secas y agrietadas. Con manteca de karité y pantenol, ayuda a regenerar la piel. Forma una película protectora frente al frío y los lavados frecuentes. Textura rica de rápida absorción. Producto pensado para acompañar la rutina diaria de toda la familia. Fabricado bajo estrictos controles de calidad. Una vez abierto, consumir en el plazo indicado en el envase.</p><p style=""text-align: justify;""><strong>MODO DE EMPLEO</strong></p><p style=""text-align: justify;"">Aplicar por la noche y cada vez que se laven las manos.</p><p style=""text-align: justify;""><strong>PRECAUCIONES Y ADVERTENCIAS</strong></p><ul><li>Uso externo.</li><li>No aplicar sobre heridas abiertas.</li></ul>";hidrovia-crema-de-manos-reparadora-agrietadas-75-ml-804150;Hidrovia 
145;603766;2009912419045;1;Pielara Crema de Manos Textura Ligera 75 ml;Crema de manos de textura ligera;<p>Crema de manos de textura ligera para el uso diario. Hidrata sin dejar residuo y deja un aroma suave.</p>;pielara-crema-de-manos-textura-ligera-75-ml-603766;PIELARA
146;820652;2003193149196;1;Hidrovia Bálsamo Labial 4 g;Bálsamo labial nutritivo;<p>Bálsamo labial nutritivo que protege los labios del frío y la sequedad. Con manteca de cacao.</p>;hidrovia-balsamo-labial-4-g-820652;hidrovia
147;456641;2005067165721;1;Pielara Gel Limpiador Piel Grasa 200 ml;<p>Gel limpiador purificante para piel grasa</p>;"<p style=""text-align: justify;""><strong>DESCRIPCIÓN</strong></p><p style=""text-align: justify;"">Gel limpiador purificante para piel grasa con tendencia acneica. Elimina el exceso de sebo sin agredir la piel. Con zinc y ácido salicílico. Uso mañana y noche. Formulado sin parabenos ni colorantes artificiales. Una vez abierto, consumir en el plazo indicado en el envase. Conservar en un lugar fresco y seco, protegido de la luz solar directa.</p><p style=""text-align: justify;""><strong>MODO DE EMPLEO</strong></p><p style=""text-align: justify;"">Aplicar sobre el rostro húmedo, masajear con suavidad y aclarar con agua.</p><p style=""text-align: justify;""><strong>PRECAUCIONES Y ADVERTENCIAS</strong></p><ul><li>Uso externo.</li><li>Evitar el contacto con los ojos.</li></ul>";pielara-gel-limpiador-piel-grasa-200-ml-456641;Pielara 
148;597530;2009453147377;1;Pielara Crema Matificante Anti-Imperfecciones 40 ml;Crema matificante para piel con imperfecciones;"<p style=""text-align: justify;""><strong>DESCRIPCIÓN</strong></p><p style=""text-align: justify;"">Crema matificante para piel con imperfecciones. Reduce el brillo y ayuda a prevenir la aparición de granos. Textura ligera no comedogénica. Puede usarse como base del maquillaje. Producto pensado para acompañar la rutina diaria de toda la familia. Una vez abierto, consumir en el plazo indicado en el envase. Formulado sin parabenos ni colorantes artificiales.</p><p style=""text-align: justify;""><strong>MODO DE EMPLEO</strong></p><p style=""text-align: justify;"">Aplicar sobre el rostro limpio cada mañana y cada noche.</p><p style=""text-align: justify;""><strong>PRECAUCIONES Y ADVERTENCIAS</strong></p><ul><li>Uso externo.</li><li>Evitar el contacto con los ojos.</li></ul>";pielara-crema-matificante-anti-imperfecciones-40-ml-597530;pielara
149;293243;2000752735456;1;Pielara Parches Anti-Granos 24 unidades;Parches hidrocoloides para granos localizados;<p>Parches hidrocoloides para cubrir granos localizados. Absorben el exudado y protegen la zona del roce.</p>;pielara-parches-anti-granos-24-unidades-293243;Pielara
150;308528;2006783777014;1;Pielara Sérum Vitamina C 30 ml;<p>Sérum antioxidante con vitamina C</p>;"<p>Sérum antioxidante con vitamina C estabilizada que unifica el tono y aporta luminosidad.&nbsp; Su textura fluida se absorbe r&aacute;pido.&nbsp; Con &aacute;cido hialur&oacute;nico.&nbsp; Uso por la mañana bajo la crema y el protector solar.&nbsp; Producto pensado para acompañar la rutina diaria de toda la familia.&nbsp; Formulado sin parabenos ni colorantes artificiales.&nbsp; Fabricado bajo estrictos controles de calidad.</p><p><strong>MODO&nbsp;DE EMPLEO</strong><br />Aplicar unas gotas sobre el rostro y el cuello limpios antes de la crema.</p><p><strong>PRECAUCIONES</strong><br />Uso externo. Conservar en lugar fresco y protegido de la luz.</p>";pielara-serum-vitamina-c-30-ml-308528;PIELARA
151;782169;2003495788567;1;Pielara Crema de Noche Antiedad 50 ml;<p>Crema de noche reafirmante</p>;<p>Crema de noche reafirmante que repara la piel mientras se duerme. Con retinol encapsulado y péptidos.</p>;pielara-crema-de-noche-antiedad-50-ml-782169;pielara
152;778967;2007444313510;1;Pielara Contorno de Ojos 15 ml;Contorno de ojos antiarrugas e hidratante;<p>Contorno de ojos hidratante que atenúa las líneas de expresión. Su aplicador con bola metálica refresca y descongestiona.</p>;pielara-contorno-de-ojos-15-ml-778967;Pielara
153;316950;2008941343529;1;Vitalora Vitamina C 30 comprimidos;Complemento alimenticio con vitamina C;"<p>Complemento alimenticio con vitamina C de liberaci&oacute;n gradual.&nbsp; Ayuda a mantener las defensas como parte de una dieta equilibrada.&nbsp; Envase con 30 o 90 comprimidos.&nbsp; Sin gluten.&nbsp; Producto pensado para acompañar la rutina diaria de toda la familia.&nbsp; El envase es reciclable y su tapa garantiza un cierre seguro.&nbsp; Una vez abierto, consumir en el plazo indicado en el envase.</p><p><strong>MODO&nbsp;DE EMPLEO</strong><br />Tomar un comprimido al día con un vaso de agua, preferiblemente con las comidas.</p><p><strong>PRECAUCIONES</strong><br />No exceder la cantidad diaria indicada en el envase. Los complementos no sustituyen a una dieta variada. Guardar en un sitio al que los niños no tengan acceso.</p>";vitalora-vitamina-c-30-comprimidos-316950;Vitalora 
154;915112;2002400842714;1;Vitalora Vitamina C 90 comprimidos;<p>Complemento alimenticio con vitamina C</p>;"<p>Complemento alimenticio con vitamina C de liberaci&oacute;n gradual.&nbsp; Ayuda a mantener las defensas como parte de una dieta equilibrada.&nbsp; Envase con 30 o 90 comprimidos.&nbsp; Sin gluten.&nbsp; Producto pensado para acompañar la rutina diaria de toda la familia.&nbsp; El envase es reciclable y su tapa garantiza un cierre seguro.&nbsp; Una vez abierto, consumir en el plazo indicado en el envase.</p><p><strong>MODO&nbsp;DE EMPLEO</strong><br />Tomar un comprimido al día con un vaso de agua, preferiblemente con las comidas.</p><p><strong>PRECAUCIONES</strong><br />No exceder la cantidad diaria indicada en el envase. Los complementos no sustituyen a una dieta variada. Guardar en un sitio al que los niños no tengan acceso.</p>";vitalora-vitamina-c-90-comprimidos-915112;Vitalora 
155;119629;2004777520479;1;Vitalora Magnesio 60 cápsulas;<p>Suplemento de magnesio en cápsulas</p>;<p>Complemento alimenticio con magnesio que contribuye al normal funcionamiento de los músculos. Fácil de tragar.</p>;vitalora-magnesio-60-capsulas-119629;Vitalora 
156;829151;2009413186996;1;Vitalora Omega 3 90 cápsulas;<p>Complemento alimenticio con ácidos grasos omega 3</p>;"<p style=""text-align: justify;""><strong>DESCRIPCIÓN</strong></p><p style=""text-align: justify;"">Complemento alimenticio con ácidos grasos omega 3 de origen marino. Contribuye al normal funcionamiento del corazón con una ingesta diaria adecuada. Cápsulas de fácil deglución. Sin regusto a pescado. Conservar en un lugar fresco y seco, protegido de la luz solar directa. Producto pensado para acompañar la rutina diaria de toda la familia.</p><p style=""text-align: justify;""><strong>MODO DE EMPLEO</strong></p><p style=""text-align: justify;"">Tomar dos cápsulas al día con una comida.</p><p style=""text-align: justify;""><strong>PRECAUCIONES Y ADVERTENCIAS</strong></p><ul><li>No exceder la cantidad diaria indicada en el envase.</li><li>Guardar en un sitio al que los niños no tengan acceso.</li></ul>";vitalora-omega-3-90-capsulas-829151;VITALORA
157;063156;2006774964997;1;Vitalora Multivitamínico 30 comprimidos;<p>Complemento multivitamínico y mineral</p>;<p>Complemento multivitamínico y mineral de uso diario. Aporta vitaminas y minerales esenciales.</p>;vitalora-multivitaminico-30-comprimidos-063156;Vitalora 
158;002805;2003412328128;1;Vitalora Complejo B 60 cápsulas;<p>Complemento con vitaminas del grupo B</p>;<p>Complemento con vitaminas del grupo B que contribuyen a reducir el cansancio y la fatiga. Envase de 60 cápsulas.</p>;vitalora-complejo-b-60-capsulas-002805;VITALORA
159;571015;2004713493614;1;Lumiara Lentillas Diarias -1.00 30 unidades;<p>Lentillas de hidrogel de silicona de uso diario</p>;<p>Lumiara Lentillas Diarias -1.00 30 unidades</p><p>Lentillas de hidrogel de silicona de uso diario con alto contenido en agua. Su diseño permite una buena oxigenación de la córnea. Incluyen filtro UV y borde fino para mayor comodidad. Caja de 30 unidades. Conservar en un lugar fresco y seco, protegido de la luz solar directa. Una vez abierto, consumir en el plazo indicado en el envase. Producto pensado para acompañar la rutina diaria de toda la familia.</p><p><strong>Modo de empleo:</strong> Colocar con las manos limpias y desechar al final del día. No reutilizar.</p><p><strong>Precauciones:</strong> Consultar a un profesional de la visión antes del primer uso. Retirar las lentillas ante cualquier molestia ocular. No dormir con ellas.</p>;lumiara-lentillas-diarias-1-00-30-unidades-571015;Lumiara
160;460485;2004210249943;1;Lumiara Lentillas Diarias -1.50 30 unidades;<p>Lentillas de hidrogel de silicona de uso diario</p>;<p>Lumiara Lentillas Diarias -1.50 30 unidades</p><p>Lentillas de hidrogel de silicona de uso diario con alto contenido en agua. Su diseño permite una buena oxigenación de la córnea. Incluyen filtro UV y borde fino para mayor comodidad. Caja de 30 unidades. Conservar en un lugar fresco y seco, protegido de la luz solar directa. Una vez abierto, consumir en el plazo indicado en el envase. Producto pensado para acompañar la rutina diaria de toda la familia.</p><p><strong>Modo de empleo:</strong> Colocar con las manos limpias y desechar al final del día. No reutilizar.</p><p><strong>Precauciones:</strong> Consultar a un profesional de la visión antes del primer uso. Retirar las lentillas ante cualquier molestia ocular. No dormir con ellas.</p>;lumiara-lentillas-diarias-1-50-30-unidades-460485;LUMIARA
161;041797;2004648877190;1;Lumiara Lentillas Diarias -2.00 30 unidades;<p>Lentillas de hidrogel de silicona de uso diario</p>;<p>Lumiara Lentillas Diarias -2.00 30 unidades</p><p>Lentillas de hidrogel de silicona de uso diario con alto contenido en agua. Su diseño permite una buena oxigenación de la córnea. Incluyen filtro UV y borde fino para mayor comodidad. Caja de 30 unidades. Conservar en un lugar fresco y seco, protegido de la luz solar directa. Una vez abierto, consumir en el plazo indicado en el envase. Producto pensado para acompañar la rutina diaria de toda la familia.</p><p><strong>Modo de empleo:</strong> Colocar con las manos limpias y desechar al final del día. No reutilizar.</p><p><strong>Precauciones:</strong> Consultar a un profesional de la visión antes del primer uso. Retirar las lentillas ante cualquier molestia ocular. No dormir con ellas.</p>;lumiara-lentillas-diarias-2-00-30-unidades-041797;lumiara
162;604238;2009401399049;1;Lumiara Lentillas Diarias -2.50 30 unidades;Lentillas de hidrogel de silicona de uso diario;<p>Lumiara Lentillas Diarias -2.50 30 unidades</p><p>Lentillas de hidrogel de silicona de uso diario con alto contenido en agua. Su diseño permite una buena oxigenación de la córnea. Incluyen filtro UV y borde fino para mayor comodidad. Caja de 30 unidades. Conservar en un lugar fresco y seco, protegido de la luz solar directa. Una vez abierto, consumir en el plazo indicado en el envase. Producto pensado para acompañar la rutina diaria de toda la familia.</p><p><strong>Modo de empleo:</strong> Colocar con las manos limpias y desechar al final del día. No reutilizar.</p><p><strong>Precauciones:</strong> Consultar a un profesional de la visión antes del primer uso. Retirar las lentillas ante cualquier molestia ocular. No dormir con ellas.</p>;lumiara-lentillas-diarias-2-50-30-unidades-604238;Lumiara
163;492841;2007874296711;1;Lumiara Lentillas Diarias +1.00 30 unidades;<p>Lentillas de hidrogel de silicona de uso diario</p>;<p>Lumiara Lentillas Diarias +1.00 30 unidades</p><p>Lentillas de hidrogel de silicona de uso diario con alto contenido en agua. Su diseño permite una buena oxigenación de la córnea. Incluyen filtro UV y borde fino para mayor comodidad. Caja de 30 unidades. Conservar en un lugar fresco y seco, protegido de la luz solar directa. Una vez abierto, consumir en el plazo indicado en el envase. Producto pensado para acompañar la rutina diaria de toda la familia.</p><p><strong>Modo de empleo:</strong> Colocar con las manos limpias y desechar al final del día. No reutilizar.</p><p><strong>Precauciones:</strong> Consultar a un profesional de la visión antes del primer uso. Retirar las lentillas ante cualquier molestia ocular. No dormir con ellas.</p>;lumiara-lentillas-diarias-1-00-30-unidades-492841;LUMIARA
164;264659;2006746807154;1;Lumiara Solución Multiusos 360 ml;<p>Solución multiusos para lentes de contacto</p>;"<div style=""text-align:justify;""><br /><b>ACCIÓN Y DESCRIPCIÓN</b><br />Solución multiusos para limpiar, desinfectar, enjuagar y conservar las lentes de contacto. Incluye un estuche. Fórmula con agentes hidratantes. Apta para lentes blandas. Conservar en un lugar fresco y seco, protegido de la luz solar directa. Formulado sin parabenos ni colorantes artificiales. Una vez abierto, consumir en el plazo indicado en el envase.<br /><br /><b>MODO DE USO</b><br />Enjuagar y frotar cada lente, sumergirla en la solución y dejarla en reposo al menos cuatro horas.<br /><br /><b>ADVERTENCIAS</b><br />No ingerir. No utilizar si el envase está abierto desde hace más de tres meses.</div>";lumiara-solucion-multiusos-360-ml-264659;Lumiara
165;379353;2006808760380;1;Lumiara Solución Multiusos 100 ml;Solución multiusos para lentes de contacto;"<div style=""text-align:justify;""><br /><b>ACCIÓN Y DESCRIPCIÓN</b><br />Solución multiusos para limpiar, desinfectar, enjuagar y conservar las lentes de contacto. Incluye un estuche. Fórmula con agentes hidratantes. Apta para lentes blandas. Conservar en un lugar fresco y seco, protegido de la luz solar directa. Formulado sin parabenos ni colorantes artificiales. Una vez abierto, consumir en el plazo indicado en el envase.<br /><br /><b>MODO DE USO</b><br />Enjuagar y frotar cada lente, sumergirla en la solución y dejarla en reposo al menos cuatro horas.<br /><br /><b>ADVERTENCIAS</b><br />No ingerir. No utilizar si el envase está abierto desde hace más de tres meses.</div>";lumiara-solucion-multiusos-100-ml-379353;LUMIARA
166;030271;2000348247714;1;Lumiara Gotas Lubricantes Oculares 10 ml;Gotas lubricantes para el ojo seco;<p>Gotas lubricantes para aliviar la sequedad ocular. Compatibles con lentes de contacto.</p>;lumiara-gotas-lubricantes-oculares-10-ml-030271;lumiara
167;435673;2003171274841;1;Aquanta Suero Fisiológico Monodosis 30 x 5 ml;Suero fisiológico en monodosis;"<html><head><title></title> </head> <body bgcolor=""#f0f0f0""> <font size=3 face=""Verdana""> <div align=justify><br><b>Aquanta Suero Fisiológico Monodosis 30 x 5 ml</b></div> <div align=justify><br>Suero fisiológico en monodosis para la higiene de las fosas nasales y los ojos. Solución estéril e isotónica sin conservantes. Cada ampolla se usa una sola vez. Apto para bebés y adultos. Una vez abierto, consumir en el plazo indicado en el envase. El envase es reciclable y su tapa garantiza un cierre seguro. Producto pensado para acompañar la rutina diaria de toda la familia.<br><br><b>MODO DE EMPLEO</b><br>Abrir la ampolla y aplicar su contenido en cada fosa nasal con la cabeza ladeada. Desechar tras el uso.</div> </font> </body></html>";aquanta-suero-fisiologico-monodosis-30-x-5-ml-435673;AQUANTA
168;905997;2003782639824;1;Aquanta Suero Fisiológico Monodosis 10 x 5 ml;Suero fisiológico en monodosis;"<html><head><title></title> </head> <body bgcolor=""#f0f0f0""> <font size=3 face=""Verdana""> <div align=justify><br><b>Aquanta Suero Fisiológico Monodosis 10 x 5 ml</b></div> <div align=justify><br>Suero fisiológico en monodosis para la higiene de las fosas nasales y los ojos. Solución estéril e isotónica sin conservantes. Cada ampolla se usa una sola vez. Apto para bebés y adultos. Una vez abierto, consumir en el plazo indicado en el envase. El envase es reciclable y su tapa garantiza un cierre seguro. Producto pensado para acompañar la rutina diaria de toda la familia.<br><br><b>MODO DE EMPLEO</b><br>Abrir la ampolla y aplicar su contenido en cada fosa nasal con la cabeza ladeada. Desechar tras el uso.</div> </font> </body></html>";aquanta-suero-fisiologico-monodosis-10-x-5-ml-905997;aquanta
169;348588;2004997278754;1;Aquanta Spray Nasal Agua de Mar 100 ml;<p>Spray nasal de agua de mar isotónica</p>;"<p style=""text-align: justify;""><strong>DESCRIPCIÓN</strong></p><p style=""text-align: justify;"">Spray nasal de agua de mar isotónica para la higiene diaria de la nariz. Facilita la eliminación de mucosidad y polvo. Su pulverizador de microgota no irrita. Sin conservantes. Formulado sin parabenos ni colorantes artificiales. Conservar en un lugar fresco y seco, protegido de la luz solar directa. Producto pensado para acompañar la rutina diaria de toda la familia.</p><p style=""text-align: justify;""><strong>MODO DE EMPLEO</strong></p><p style=""text-align: justify;"">Pulverizar una o dos veces en cada fosa nasal según necesidad.</p><p style=""text-align: justify;""><strong>PRECAUCIONES Y ADVERTENCIAS</strong></p><ul><li>Uso nasal.</li><li>Uso personal: no compartir el envase.</li></ul>";aquanta-spray-nasal-agua-de-mar-100-ml-348588;Aquanta
170;780879;2005339636058;1;Aquanta Aspirador Nasal 1 unidad;Aspirador nasal manual para bebés;<p>Aspirador nasal manual para bebés con boquilla suave. Fácil de desmontar y limpiar.</p>;aquanta-aspirador-nasal-1-unidad-780879;aquanta
171;016093;2002895171870;1;Fortessa Barrita Proteica Chocolate 55 g;Barrita con alto contenido en proteína;<p>Fortessa Barrita Proteica Chocolate 55 g</p><p>Barrita con alto contenido en proteína y bajo contenido en azúcares. Textura blanda con cobertura de sabor. Ideal como tentempié después del ejercicio. Disponible en tres sabores. Producto pensado para acompañar la rutina diaria de toda la familia. Conservar en un lugar fresco y seco, protegido de la luz solar directa. Una vez abierto, consumir en el plazo indicado en el envase.</p><p><strong>Modo de empleo:</strong> Consumir una barrita como tentempié. Acompañar con agua.</p><p><strong>Precauciones:</strong> Los complementos no sustituyen a una dieta variada. Puede contener trazas de frutos secos.</p>;fortessa-barrita-proteica-chocolate-55-g-016093;FORTESSA
172;893744;2002174596158;1;Fortessa Barrita Proteica Caramelo 55 g;<p>Barrita con alto contenido en proteína</p>;<p>Fortessa Barrita Proteica Caramelo 55 g</p><p>Barrita con alto contenido en proteína y bajo contenido en azúcares. Textura blanda con cobertura de sabor. Ideal como tentempié después del ejercicio. Disponible en tres sabores. Producto pensado para acompañar la rutina diaria de toda la familia. Conservar en un lugar fresco y seco, protegido de la luz solar directa. Una vez abierto, consumir en el plazo indicado en el envase.</p><p><strong>Modo de empleo:</strong> Consumir una barrita como tentempié. Acompañar con agua.</p><p><strong>Precauciones:</strong> Los complementos no sustituyen a una dieta variada. Puede contener trazas de frutos secos.</p>;fortessa-barrita-proteica-caramelo-55-g-893744;fortessa
173;455052;2007809134316;1;Fortessa Barrita Proteica Galleta y nata 55 g;Barrita con alto contenido en proteína;<p>Fortessa Barrita Proteica Galleta y nata 55 g</p><p>Barrita con alto contenido en proteína y bajo contenido en azúcares. Textura blanda con cobertura de sabor. Ideal como tentempié después del ejercicio. Disponible en tres sabores. Producto pensado para acompañar la rutina diaria de toda la familia. Conservar en un lugar fresco y seco, protegido de la luz solar directa. Una vez abierto, consumir en el plazo indicado en el envase.</p><p><strong>Modo de empleo:</strong> Consumir una barrita como tentempié. Acompañar con agua.</p><p><strong>Precauciones:</strong> Los complementos no sustituyen a una dieta variada. Puede contener trazas de frutos secos.</p>;fortessa-barrita-proteica-galleta-y-nata-55-g-455052;Fortessa
174;393049;2007240050459;1;Fortessa Batido de Proteínas Vainilla 330 ml;<p>Batido listo para beber con proteína</p>;<p>Batido listo para beber con alto contenido en proteína. Sin azúcares añadidos.</p>;fortessa-batido-de-proteinas-vainilla-330-ml-393049;FORTESSA
175;913141;2003869222192;1;Fortessa Batido de Proteínas Fresa 330 ml;Batido listo para beber con proteína;<p>Batido listo para beber con alto contenido en proteína. Sin azúcares añadidos.</p>;fortessa-batido-de-proteinas-fresa-330-ml-913141;FORTESSA
176;463187;2004740748213;1;Medinova Termómetro Digital Punta flexible;<p>Termómetro digital de medición rápida</p>;<p>Medinova Termómetro Digital Punta flexible</p><p>Termómetro digital de medición rápida con pantalla de lectura clara. Señal acústica al finalizar la medición. Memoria de la última lectura. Resistente al agua. Una vez abierto, consumir en el plazo indicado en el envase. El envase es reciclable y su tapa garantiza un cierre seguro. Conservar en un lugar fresco y seco, protegido de la luz solar directa.</p><p><strong>Modo de empleo:</strong> Encender el termómetro, colocarlo según las instrucciones y esperar la señal acústica.</p><p><strong>Precauciones:</strong> Limpiar la punta antes y después de cada uso. Consultar las instrucciones de la batería.</p>;medinova-termometro-digital-punta-flexible-463187;medinova
177;248728;2004647436718;1;Medinova Termómetro Digital Punta rígida;Termómetro digital de medición rápida;<p>Medinova Termómetro Digital Punta rígida</p><p>Termómetro digital de medición rápida con pantalla de lectura clara. Señal acústica al finalizar la medición. Memoria de la última lectura. Resistente al agua. Una vez abierto, consumir en el plazo indicado en el envase. El envase es reciclable y su tapa garantiza un cierre seguro. Conservar en un lugar fresco y seco, protegido de la luz solar directa.</p><p><strong>Modo de empleo:</strong> Encender el termómetro, colocarlo según las instrucciones y esperar la señal acústica.</p><p><strong>Precauciones:</strong> Limpiar la punta antes y después de cada uso. Consultar las instrucciones de la batería.</p>;medinova-termometro-digital-punta-rigida-248728;Medinova 
178;840886;2004090974393;1;Medinova Termómetro Infrarrojo Frontal 1 unidad;<p>Termómetro infrarrojo sin contacto</p>;<p>Medinova Termómetro Infrarrojo Frontal 1 unidad</p><p>Termómetro infrarrojo que mide la temperatura en la frente sin contacto. Medición en un segundo con aviso luminoso. Pantalla retroiluminada. Incluye funda de almacenamiento. Una vez abierto, consumir en el plazo indicado en el envase. Formulado sin parabenos ni colorantes artificiales. Producto pensado para acompañar la rutina diaria de toda la familia.</p><p><strong>Modo de empleo:</strong> Apuntar a la frente a pocos centímetros y pulsar el botón de medición.</p><p><strong>Precauciones:</strong> No usar con la frente sudorosa o recién expuesta al frío. Limpiar el sensor con un paño suave.</p>;medinova-termometro-infrarrojo-frontal-1-unidad-840886;medinova
179;607727;2003942104704;1;Medinova Tensiómetro de Brazo 1 unidad;Tensiómetro digital de brazo;<p>Tensiómetro digital de brazo con pantalla grande. Memoria para las últimas lecturas y detección de pulso irregular.</p>;medinova-tensiometro-de-brazo-1-unidad-607727;MEDINOVA
180;958449;2003285884240;1;Belanova Base de Maquillaje Fluida Tono claro;Base de maquillaje fluida de cobertura media;"<div style=""text-align:justify;""><br /><b>ACCIÓN Y DESCRIPCIÓN</b><br />Base de maquillaje fluida de cobertura media y acabado natural. Unifica el tono y disimula las imperfecciones. Sin perfume. Disponible en tres tonos. Producto pensado para acompañar la rutina diaria de toda la familia. El envase es reciclable y su tapa garantiza un cierre seguro. Fabricado bajo estrictos controles de calidad. Una vez abierto, consumir en el plazo indicado en el envase.<br /><br /><b>MODO DE USO</b><br />Aplicar con los dedos, una esponja o una brocha sobre el rostro limpio e hidratado.<br /><br /><b>ADVERTENCIAS</b><br />Uso externo. Retirar con desmaquillante al final del día.</div>";belanova-base-de-maquillaje-fluida-tono-claro-958449;BELANOVA
181;094689;2005171236850;1;Belanova Base de Maquillaje Fluida Tono medio;Base de maquillaje fluida de cobertura media;"<div style=""text-align:justify;""><br /><b>ACCIÓN Y DESCRIPCIÓN</b><br />Base de maquillaje fluida de cobertura media y acabado natural. Unifica el tono y disimula las imperfecciones. Sin perfume. Disponible en tres tonos. Producto pensado para acompañar la rutina diaria de toda la familia. El envase es reciclable y su tapa garantiza un cierre seguro. Fabricado bajo estrictos controles de calidad. Una vez abierto, consumir en el plazo indicado en el envase.<br /><br /><b>MODO DE USO</b><br />Aplicar con los dedos, una esponja o una brocha sobre el rostro limpio e hidratado.<br /><br /><b>ADVERTENCIAS</b><br />Uso externo. Retirar con desmaquillante al final del día.</div>";belanova-base-de-maquillaje-fluida-tono-medio-094689;Belanova
182;113609;2004817549651;1;Belanova Base de Maquillaje Fluida Tono oscuro;Base de maquillaje fluida de cobertura media;"<div style=""text-align:justify;""><br /><b>ACCIÓN Y DESCRIPCIÓN</b><br />Base de maquillaje fluida de cobertura media y acabado natural. Unifica el tono y disimula las imperfecciones. Sin perfume. Disponible en tres tonos. Producto pensado para acompañar la rutina diaria de toda la familia. El envase es reciclable y su tapa garantiza un cierre seguro. Fabricado bajo estrictos controles de calidad. Una vez abierto, consumir en el plazo indicado en el envase.<br /><br /><b>MODO DE USO</b><br />Aplicar con los dedos, una esponja o una brocha sobre el rostro limpio e hidratado.<br /><br /><b>ADVERTENCIAS</b><br />Uso externo. Retirar con desmaquillante al final del día.</div>";belanova-base-de-maquillaje-fluida-tono-oscuro-113609;BELANOVA
183;680776;2000985931748;1;Belanova Barra de Labios Hidratante Rosa;<p>Barra de labios hidratante de color intenso</p>;<p>Barra de labios hidratante de color intenso y confort duradero. Con aceite de jojoba.</p>;belanova-barra-de-labios-hidratante-rosa-680776;belanova
184;142254;2002004711386;1;Belanova Barra de Labios Hidratante Coral;Barra de labios hidratante de color intenso;<p>Barra de labios hidratante de color intenso y confort duradero. Con aceite de jojoba.</p>;belanova-barra-de-labios-hidratante-coral-142254;BELANOVA
185;427940;2005869261799;1;Belanova Máscara de Pestañas Volumen Negro 10 ml;Máscara de pestañas de volumen;<p>Máscara de pestañas que aporta volumen y definición sin grumos. Fórmula resistente al agua.</p>;belanova-mascara-de-pestanas-volumen-negro-10-ml-427940;belanova
186;995109;2001585064317;1;Marca Ejemplo Gel de Manos Higienizante 100 ml;<p>Gel higienizante de manos de rápida evaporación</p>;"<div style=""text-align:justify;""><br /><b>ACCIÓN Y DESCRIPCIÓN</b><br />Gel higienizante de manos de rápida evaporación que no deja sensación pegajosa. Con glicerina para evitar la sequedad. Formato de bolsillo. Uso frecuente. Fabricado bajo estrictos controles de calidad. Formulado sin parabenos ni colorantes artificiales. El envase es reciclable y su tapa garantiza un cierre seguro. Conservar en un lugar fresco y seco, protegido de la luz solar directa.<br /><br /><b>MODO DE USO</b><br />Aplicar una cantidad suficiente sobre las manos secas y frotar hasta que se evapore.<br /><br /><b>ADVERTENCIAS</b><br />Uso externo. Inflamable: mantener alejado del fuego. Evitar el contacto con los ojos.</div>";marca-ejemplo-gel-de-manos-higienizante-100-ml-995109;Marca Ejemplo
187;811984;2009318393352;1;Marca Ejemplo Crema Hidratante Facial 50 ml;<p>Crema hidratante facial para el uso diario</p>;<p>Marca Ejemplo Crema Hidratante Facial 50 ml</p><p>Crema hidratante facial para el uso diario. Con ácido hialurónico y glicerina, mantiene la piel hidratada durante todo el día. Textura ligera y sin perfume. Apta para pieles sensibles. Fabricado bajo estrictos controles de calidad. El envase es reciclable y su tapa garantiza un cierre seguro. Producto pensado para acompañar la rutina diaria de toda la familia.</p><p><strong>Modo de empleo:</strong> Aplicar sobre el rostro y el cuello limpios, por la mañana y por la noche.</p><p><strong>Precauciones:</strong> Uso externo. Evitar el contacto con los ojos.</p>;marca-ejemplo-crema-hidratante-facial-50-ml-811984;MARCA EJEMPLO
188;138205;2000422842101;1;Marca Ejemplo Toallitas Desmaquillantes 25 unidades;<p>Toallitas desmaquillantes suaves</p>;<p>Toallitas desmaquillantes suaves que eliminan el maquillaje y las impurezas. Sin alcohol.</p>;marca-ejemplo-toallitas-desmaquillantes-25-unidades-138205;marca ejemplo
189;777747;2005395024028;1;Solenza Barra Solar Mini 15 g;;;solenza-barra-solar-mini-15-g-777747;SOLENZA
190;473962;2008117758911;1;Belanova Esmalte de Uñas Rojo;;;belanova-esmalte-de-unas-rojo-473962;belanova
191;888456;2003908470072;1;Capilia Gorro de Ducha;;;capilia-gorro-de-ducha-888456;Capilia 
192;068872;2006177115927;1;Medinova Pilas de Botón para Termómetro;;;medinova-pilas-de-boton-para-termometro-068872;medinova
193;309222;2002499856982;1;Bolsa de Regalo Pequeña;;;bolsa-de-regalo-pequena-309222;
194;931230;2008961183679;1;Vitalora Pastillero Semanal;;;vitalora-pastillero-semanal-931230;vitalora
195;697416;2006576615653;1;Oralys Enjuague Bucal Menta 250 ml;;<p>Oralys Enjuague Bucal Menta 250 ml</p>;oralys-enjuague-bucal-menta-250-ml-697416;ORALYS
196;780758;2005271111613;1;Hidrovia Jabón de Manos Neutro 300 ml;;<p>Hidrovia Jabón de Manos Neutro 300 ml</p>;hidrovia-jabon-de-manos-neutro-300-ml-780758;Hidrovia
197;370774;2002809885169;1;Aquanta Gotas Nasales Niños 10 ml;;<p>Aquanta Gotas Nasales Niños 10 ml</p>;aquanta-gotas-nasales-ninos-10-ml-370774;Aquanta
198;162246;2000494519833;1;Nordavia Peine Desenredante;;<p>Nordavia Peine Desenredante</p>;nordavia-peine-desenredante-162246;nordavia
199;846432;2003158514939;1;Kiddora Bolsa de Pañales de Viaje;;<p>Lorem ipsum dolor sit amet, consectetur adipiscing elit, sed do eiusmod tempor incididunt ut labore.</p>;kiddora-bolsa-de-panales-de-viaje-846432;kiddora
200;286544;2008998094023;1;Belanova Pincel de Maquillaje;;<p>Lorem ipsum dolor sit amet</p>;belanova-pincel-de-maquillaje-286544;belanova
201;776962;2005502296126;1;Fortessa Coctelera Deportiva 500 ml;Traduzir esta descrição para português de Portugal;<p>Coctelera de 500 ml con tapa antiderrames y bola mezcladora de acero inoxidable. Apta para lavavajillas y sin bisfenol A.</p>;fortessa-coctelera-deportiva-500-ml-776962;Fortessa
202;326775;2001836675255;1;Pielara Espejo de Aumento;;<p>Texto pendiente de completar</p>;pielara-espejo-de-aumento-326775;PIELARA
203;285320;2009910229011;1;Lumiara Estuche de Lentillas;;<p>xxxxxx</p>;lumiara-estuche-de-lentillas-285320;Lumiara
901;361939;2006797643817;0;Solenza Fluido Facial Solar SPF 15 50 ml (descatalogado);;;solenza-fluido-facial-solar-spf-15-50-ml-descatalogado-361939;solenza
902;628437;2001497840368;0;Kiddora Crema Solar Bebé Antigua Fórmula;;;kiddora-crema-solar-bebe-antigua-formula-628437;kiddora
903;008105;2000343244510;0;Oralys Colutorio Sabor Fresa 250 ml;;;oralys-colutorio-sabor-fresa-250-ml-008105;ORALYS
904;075576;2006226838852;0;Nordavia Champú Edición Limitada;;;nordavia-champu-edicion-limitada-075576;nordavia
905;424068;2000607159697;0;Hidrovia Crema de Manos Pack Regalo 2019;;;hidrovia-crema-de-manos-pack-regalo-2019-424068;hidrovia
906;092410;2004160529751;0;Vitalora Vitamina D Gominolas;;;vitalora-vitamina-d-gominolas-092410;vitalora
907;782033;2001369681648;0;Belanova Paleta de Sombras Otoño;;;belanova-paleta-de-sombras-otono-782033;belanova
908;949928;2003521818831;0;Pielara Exfoliante Facial Antiguo;;;pielara-exfoliante-facial-antiguo-949928;Pielara
