Product ID;Imagen;Nombre;Referencia;Categoría;Precio (imp. excl.);Precio (imp. incl.);Cantidad;Estado;Posición
101;/placeholder/101.svg;Solenza Fluido Facial Solar SPF 30 50 ml;243962;Protección solar;14.834711;17.95;14;0;
102;/placeholder/102.svg;Solenza Fluido Facial Solar SPF 50 50 ml;732052;Protección solar;16.487603;19.95;9;0;
103;/placeholder/103.svg;SOLENZA LECHE SOLAR CORPORAL SPF 30 200 ML;130889;Protección solar;12.809917;15.5;20;0;
104;/placeholder/104.svg;Solenza  Leche Solar Corporal SPF 50 200 ml;810620;Protección solar;13.966942;16.9;18;0;
105;/placeholder/105.svg;Solenza Leche Solar Corporal SPF 50 400 ml;219684;Protección solar;21.900826;26.5;6;0;
106;/placeholder/106.svg;Solenza Spray Solar Pediátrico Niños SPF 50 200 ml;420651;Protección solar;15.289256;18.5;11;0;
107;/placeholder/107.svg;Solenza Spray Solar Pediátrico Bebés SPF 50 200 ml;146413;Protección solar;16.446281;19.9;8;0;
108;/placeholder/108.svg;Kiddora Loción Solar Niños SPF 50+ 250 ml;830555;Protección solar;14.834711;17.95;10;0;
109;/placeholder/109.svg;Solenza Stick Labial Solar SPF 30 4 g;713328;Protección solar;4.049587;4.9;0;1;
110;/placeholder/110.svg;Marca Ejemplo Protector Solar Facial SPF 50 50 ml;912804;Protección solar;10.661157;12.9;25;0;
111;/placeholder/111.svg;Solenza Gel Aftersun 200 ml;251083;Protección solar;7.851240;9.5;-2;1;
112;/placeholder/112.svg;Kiddora Crema Cambio de Pañal 100 ml;222086;Cuidado del bebé;5.743802;6.95;17;0;
113;/placeholder/113.svg;Kiddora Crema Cambio de Pañal 200 ml;354508;Cuidado del bebé;9.008264;10.9;12;0;
114;/placeholder/114.svg;Kiddora Gel de Baño y Champú 500 ml;701474;Cuidado del bebé;7.024793;8.5;15;0;
115;/placeholder/115.svg;KIDDORA COLONIA SUAVE 200 ML;098907;Cuidado del bebé;5.950413;7.2;9;0;
116;/placeholder/116.svg;KIDDORA TOALLITAS HÚMEDAS 72 UNIDADES;470405;Cuidado del bebé;2.438017;2.95;40;0;
117;/placeholder/117.svg;Kiddora Toallitas Húmedas 3 x 72 unidades;683823;Cuidado del bebé;6.570248;7.95;22;0;
118;/placeholder/118.svg;Kiddora Chupete de Silicona 0-6 meses;299105;Cuidado del bebé;4.049587;4.9;13;0;
119;/placeholder/119.svg;Kiddora Chupete de Silicona 6-18 meses;784309;Cuidado del bebé;4.049587;4.9;0;1;
120;/placeholder/120.svg;Kiddora Chupete de Silicona Más de 18 meses;892697;Cuidado del bebé;4.049587;4.9;7;0;
121;/placeholder/121.svg;Pielara Crema Emoliente Atópica 400 ml;592683;Cuidado del bebé;17.768595;21.5;10;0;
122;/placeholder/122.svg;Pielara Crema Emoliente Atópica 100 ml;974146;Cuidado del bebé;8.181818;9.9;16;0;
123;/placeholder/123.svg;Pielara  Gel de Baño Atópico 500 ml;641390;Cuidado del bebé;11.487603;13.9;8;0;
124;/placeholder/124.svg;Kiddora Crema Hidratante Bebé Piel Atópica 250 ml;213487;Cuidado del bebé;13.140496;15.9;11;0;
125;/placeholder/125.svg;Oralys Spray Boca Seca 15 ml;739945;Higiene bucal;6.570248;7.95;19;0;
126;/placeholder/126.svg;Oralys Gel Humectante Boca Seca 50 ml;942590;Higiene bucal;12.809917;15.5;9;0;
127;/placeholder/127.svg;ORALYS COLUTORIO BOCA SECA 500 ML;166931;Higiene bucal;10.702479;12.95;13;0;
128;/placeholder/128.svg;ORALYS PASTA DENTÍFRICA ENCÍAS 75 ML;024813;Higiene bucal;4.545455;5.5;30;0;
129;/placeholder/129.svg;Oralys Cepillo Dental Adulto medio;984861;Higiene bucal;2.396694;2.9;40;0;
130;/placeholder/130.svg;Oralys Cepillo Dental Adulto suave;763934;Higiene bucal;2.396694;2.9;35;0;
131;/placeholder/131.svg;Oralys Cepillo Dental Infantil;001773;Higiene bucal;2.396694;2.9;28;0;
132;/placeholder/132.svg;Nordavia Champú Anticaspa 250 ml;581343;Cuidado del cabello;8.181818;9.9;21;0;
133;/placeholder/133.svg;NORDAVIA CHAMPÚ ANTICASPA 400 ML;318635;Cuidado del cabello;11.487603;13.9;17;0;
134;/placeholder/134.svg;Nordavia Champú Cabello Graso 400 ml;858179;Cuidado del cabello;9.834711;11.9;15;0;
135;/placeholder/135.svg;Capilia Champú en Seco 200 ml;477538;Cuidado del cabello;5.371901;6.5;26;0;
136;/placeholder/136.svg;Capilia Mascarilla Protectora del Color 200 ml ;052657;Cuidado del cabello;11.983471;14.5;12;0;
137;/placeholder/137.svg;Capilia Acondicionador Cabello Teñido 250 ml;788295;Cuidado del cabello;7.851240;9.5;14;0;
138;/placeholder/138.svg;Nordavia  Mascarilla Reparadora 200 ml;352161;Cuidado del cabello;10.330579;12.5;10;0;
139;/placeholder/139.svg;Marca Ejemplo Champú Sebocorrector 400 ml;065290;Cuidado del cabello;10.743802;13.0;18;0;
140;/placeholder/140.svg;Marca Ejemplo Champú Suave 400 ml;790075;Cuidado del cabello;10.743802;13.0;22;0;
141;/placeholder/141.svg;Marca Ejemplo Champú Anticaída 400 ml;560069;Cuidado del cabello;10.743802;13.0;0;1;
142;/placeholder/142.svg;Hidrovia Crema de Manos Intensiva 50 ml;798207;Cuidado de manos;4.917355;5.95;34;0;
143;/placeholder/143.svg;Hidrovia Crema de Manos Intensiva 100 ml;681725;Cuidado de manos;7.851240;9.5;20;0;
144;/placeholder/144.svg;Hidrovia Crema de Manos Reparadora Agrietadas 75 ml;804150;Cuidado de manos;6.528926;7.9;16;0;
145;/placeholder/145.svg;Pielara Crema de Manos Textura Ligera 75 ml;603766;Cuidado de manos;4.090909;4.95;29;0;
146;/placeholder/146.svg;Hidrovia Bálsamo Labial 4 g;820652;Cuidado de manos;2.066116;2.5;50;0;
147;/placeholder/147.svg;PIELARA GEL LIMPIADOR PIEL GRASA 200 ML;456641;Acné y piel grasa;9.008264;10.9;14;0;
148;/placeholder/148.svg;Pielara Crema Matificante Anti-Imperfecciones 40 ml;597530;Acné y piel grasa;12.314050;14.9;10;0;
149;/placeholder/149.svg;Pielara Parches Anti-Granos 24 unidades;293243;;5.702479;6.9;18;0;
150;/placeholder/150.svg;Pielara Sérum Vitamina C 30 ml;308528;Antiedad;20.578512;24.9;9;0;
151;/placeholder/151.svg;Pielara  Crema de Noche Antiedad 50 ml;782169;Antiedad;24.710744;29.9;6;0;
152;/placeholder/152.svg;Pielara  Contorno de Ojos 15 ml;778967;Antiedad;14.793388;17.9;12;0;
153;/placeholder/153.svg;Vitalora Vitamina C 30 comprimidos;316950;Vitaminas y suplementos;7.355372;8.9;24;0;
154;/placeholder/154.svg;Vitalora Vitamina C 90 comprimidos;915112;Vitaminas y suplementos;16.446281;19.9;-1;1;
155;/placeholder/155.svg;Vitalora Magnesio 60 cápsulas;119629;Vitaminas y suplementos;9.504132;11.5;16;0;
156;/placeholder/156.svg;Vitalora Omega 3 90 cápsulas;829151;Vitaminas y suplementos;13.140496;15.9;11;0;
157;/placeholder/157.svg;Vitalora Multivitamínico 30 comprimidos;063156;Vitaminas y suplementos;8.181818;9.9;19;0;
158;/placeholder/158.svg;Vitalora  Complejo B 60 cápsulas;002805;Vitaminas y suplementos;8.677686;10.5;-1;1;
159;/placeholder/159.svg;Lumiara Lentillas Diarias -1.00 30 unidades;571015;Óptica;13.636364;16.5;14;0;
160;/placeholder/160.svg;Lumiara Lentillas Diarias -1.50 30 unidades;460485;Óptica;13.636364;16.5;12;0;
161;/placeholder/161.svg;Lumiara Lentillas Diarias -2.00 30 unidades;041797;Óptica;13.636364;16.5;9;0;
162;/placeholder/162.svg;Lumiara Lentillas Diarias -2.50 30 unidades;604238;Óptica;13.636364;16.5;0;1;
163;/placeholder/163.svg;Lumiara Lentillas Diarias +1.00 30 unidades;492841;Óptica;13.636364;16.5;6;0;
164;/placeholder/164.svg;Lumiara Solución Multiusos 360 ml ;264659;Óptica;7.851240;9.5;25;0;
165;/placeholder/165.svg;Lumiara Solución Multiusos 100 ml;379353;Óptica;3.223140;3.9;30;0;
166;/placeholder/166.svg;Lumiara Gotas Lubricantes Oculares 10 ml;030271;Óptica;7.024793;8.5;15;0;
167;/placeholder/167.svg;Aquanta Suero Fisiológico Monodosis 30 x 5 ml;435673;Higiene nasal;3.719008;4.5;38;0;
168;/placeholder/168.svg;Aquanta Suero Fisiológico Monodosis 10 x 5 ml;905997;Higiene nasal;1.983471;2.4;41;0;
169;/placeholder/169.svg;Aquanta Spray Nasal Agua de Mar 100 ml;348588;Higiene nasal;5.702479;6.9;20;0;
170;/placeholder/170.svg;Aquanta Aspirador Nasal 1 unidad;780879;Higiene nasal;4.876033;5.9;10;0;
171;/placeholder/171.svg;Fortessa  Barrita Proteica Chocolate 55 g;016093;Nutrición deportiva;2.066116;2.5;60;0;
172;/placeholder/172.svg;Fortessa Barrita Proteica Caramelo 55 g;893744;Nutrición deportiva;2.066116;2.5;52;0;
173;/placeholder/173.svg;Fortessa Barrita Proteica Galleta y nata 55 g;455052;Nutrición deportiva;2.066116;2.5;47;0;
174;/placeholder/174.svg;Fortessa Batido de Proteínas Vainilla 330 ml;393049;Nutrición deportiva;2.644628;3.2;33;0;
175;/placeholder/175.svg;Fortessa Batido de Proteínas Fresa 330 ml;913141;Nutrición deportiva;2.644628;3.2;29;0;
176;/placeholder/176.svg;MEDINOVA TERMÓMETRO DIGITAL PUNTA FLEXIBLE;463187;Dispositivos médicos;6.570248;7.95;14;0;
177;/placeholder/177.svg;Medinova Termómetro Digital Punta rígida;248728;Dispositivos médicos;5.743802;6.95;18;0;
178;/placeholder/178.svg;Medinova Termómetro Infrarrojo Frontal 1 unidad;840886;Dispositivos médicos;20.578512;24.9;8;0;
179;/placeholder/179.svg;Medinova Tensiómetro de Brazo 1 unidad;607727;Dispositivos médicos;32.975207;39.9;7;0;
180;/placeholder/180.svg;Belanova Base de Maquillaje Fluida Tono claro;958449;Maquillaje;11.983471;14.5;11;0;
181;/placeholder/181.svg;Belanova Base de Maquillaje Fluida Tono medio;094689;Maquillaje;11.983471;14.5;9;0;
182;/placeholder/182.svg;Belanova Base de Maquillaje Fluida Tono oscuro;113609;Maquillaje;11.983471;14.5;0;1;
183;/placeholder/183.svg;BELANOVA BARRA DE LABIOS HIDRATANTE ROSA;680776;Maquillaje;6.528926;7.9;14;0;
184;/placeholder/184.svg;Belanova Barra de Labios Hidratante Coral;142254;Maquillaje;6.528926;7.9;12;0;
185;/placeholder/185.svg;Belanova Máscara de Pestañas Volumen Negro 10 ml;427940;Maquillaje;8.181818;9.9;17;0;
186;/placeholder/186.svg;Marca  Ejemplo Gel de Manos Higienizante 100 ml;995109;Higiene;2.396694;2.9;70;0;
187;/placeholder/187.svg;Marca Ejemplo Crema Hidratante Facial 50 ml;811984;;8.181818;9.9;26;0;
188;/placeholder/188.svg;Marca Ejemplo Toallitas Desmaquillantes 25 unidades;138205;Higiene;2.892562;3.5;0;1;
189;/placeholder/189.svg;Solenza Barra Solar Mini 15 g;777747;Protección solar;4.545455;5.5;7;0;
190;/placeholder/190.svg;Belanova Esmalte de Uñas Rojo;473962;Maquillaje;4.049587;4.9;12;0;
191;/placeholder/191.svg;Capilia  Gorro de Ducha;888456;;1.570248;1.9;30;0;
192;/placeholder/192.svg;Medinova Pilas de Botón para Termómetro;068872;Dispositivos médicos;2.066116;2.5;0;1;
193;/placeholder/193.svg;Bolsa de Regalo Pequeña;309222;Regalo;0.413223;0.5;100;0;
194;/placeholder/194.svg;Vitalora Pastillero Semanal ;931230;Vitaminas y suplementos;3.223140;3.9;15;0;
195;/placeholder/195.svg;Oralys Enjuague Bucal Menta 250 ml ;697416;Higiene bucal;3.471074;4.2;22;0;
196;/placeholder/196.svg;Hidrovia Jabón de Manos Neutro 300 ml;780758;Cuidado de manos;2.809917;3.4;18;0;
197;/placeholder/197.svg;Aquanta Gotas Nasales Niños 10 ml;370774;Higiene nasal;4.297521;5.2;9;0;
198;/placeholder/198.svg;Nordavia Peine Desenredante;162246;Cuidado del cabello;3.719008;4.5;5;0;
199;/placeholder/199.svg;Kiddora Bolsa de Pañales de Viaje;846432;Cuidado del bebé;8.181818;9.9;4;0;
200;/placeholder/200.svg;Belanova Pincel de Maquillaje;286544;Maquillaje;5.371901;6.5;10;0;
201;/placeholder/201.svg;Fortessa Coctelera Deportiva 500 ml;776962;;7.396694;8.95;6;0;
202;/placeholder/202.svg;Pielara  Espejo de Aumento;326775;Cuidado facial;9.834711;11.9;3;0;
203;/placeholder/203.svg;Lumiara Estuche de Lentillas;285320;Óptica;2.396694;2.9;40;0;
